id,predicted
0,23
1,14
2,13
3,23
4,30
5,14
6,14
7,22
8,9
9,9
10,13
11,10
12,27
13,14
14,24
15,25
16,16
17,14
18,14
19,14
20,14
21,9
22,6
23,13
24,14
25,6
26,6
27,24
28,9
29,22
30,25
31,9
32,14
33,9
34,13
35,10
36,6
37,14
38,14
39,14
40,14
41,13
42,11
43,9
44,25
45,13
46,15
47,9
48,14
49,25
50,24
51,6
52,10
53,14
54,13
55,12
56,13
57,15
58,15
59,14
60,10
61,14
62,24
63,30
64,13
65,14
66,29
67,14
68,22
69,19
70,14
71,14
72,32
73,27
74,13
75,14
76,23
77,22
78,9
79,22
80,14
81,12
82,21
83,25
84,22
85,15
86,11
87,9
88,14
89,25
90,13
91,13
92,14
93,9
94,14
95,13
96,14
97,24
98,13
99,13
100,14
101,13
102,13
103,14
104,15
105,14
106,9
107,21
108,13
109,14
110,14
111,25
112,13
113,13
114,28
115,14
116,6
117,13
118,19
119,13
120,14
121,13
122,25
123,14
124,23
125,24
126,16
127,9
128,28
129,9
130,6
131,13
132,12
133,12
134,14
135,13
136,14
137,27
138,14
139,19
140,9
141,13
142,25
143,13
144,27
145,19
146,15
147,25
148,14
149,13
150,9
151,12
152,14
153,14
154,12
155,15
156,9
157,24
158,14
159,6
160,26
161,14
162,14
163,15
164,13
165,14
166,19
167,25
168,14
169,6
170,14
171,13
172,22
173,10
174,21
175,31
176,13
177,14
178,13
179,14
180,13
181,14
182,12
183,24
184,13
185,23
186,14
187,25
188,13
189,10
190,25
191,13
192,14
193,15
194,23
195,14
196,14
197,26
198,15
199,13
200,9
201,14
202,14
203,14
204,14
205,13
206,21
207,14
208,6
209,13
210,15
211,8
212,15
213,13
214,9
215,28
216,8
217,13
218,15
219,14
220,22
221,15
222,20
223,32
224,14
225,16
226,13
227,27
228,14
229,15
230,13
231,22
232,23
233,14
234,24
235,25
236,14
237,33
238,13
239,14
240,19
241,16
242,7
243,25
244,14
245,9
246,13
247,10
248,9
249,13
250,14
251,6
252,34
253,9
254,15
255,23
256,33
257,9
258,22
259,10
260,13
261,23
262,14
263,15
264,19
265,14
266,11
267,20
268,20
269,9
270,14
271,14
272,15
273,12
274,13
275,12
276,24
277,14
278,19
279,11
280,14
281,22
282,6
283,9
284,14
285,13
286,13
287,6
288,14
289,14
290,9
291,25
292,14
293,23
294,26
295,14
296,15
297,14
298,13
299,21
300,9
301,14
302,14
303,9
304,8
305,22
306,12
307,19
308,14
309,9
310,13
311,14
312,6
313,15
314,12
315,15
316,11
317,8
318,14
319,21
320,14
321,24
322,11
323,24
324,19
325,24
326,14
327,9
328,31
329,15
330,21
331,14
332,22
333,12
334,9
335,13
336,14
337,13
338,25
339,9
340,13
341,9
342,13
343,14
344,14
345,24
346,24
347,14
348,27
349,13
350,9
351,13
352,9
353,14
354,6
355,14
356,15
357,12
358,13
359,14
360,9
361,9
362,13
363,15
364,25
365,21
366,22
367,14
368,14
369,12
370,8
371,14
372,14
373,11
374,14
375,14
376,14
377,26
378,14
379,25
380,14
381,23
382,6
383,14
384,20
385,14
386,9
387,32
388,34
389,21
390,5
391,14
392,13
393,6
394,16
395,9
396,6
397,6
398,10
399,9
400,13
401,13
402,9
403,20
404,14
405,14
406,16
407,27
408,14
409,14
410,10
411,14
412,12
413,20
414,24
415,14
416,14
417,13
418,21
419,27
420,9
421,10
422,14
423,13
424,13
425,14
426,13
427,31
428,14
429,22
430,9
431,14
432,14
433,25
434,9
435,7
436,14
437,10
438,13
439,14
440,15
441,20
442,9
443,14
444,14
445,25
446,15
447,13
448,13
449,23
450,9
451,15
452,10
453,9
454,25
455,27
456,10
457,14
458,14
459,14
460,23
461,14
462,10
463,24
464,13
465,13
466,14
467,14
468,6
469,9
470,6
471,8
472,23
473,12
474,21
475,25
476,12
477,13
478,25
479,13
480,24
481,6
482,14
483,9
484,11
485,15
486,23
487,13
488,12
489,14
490,14
491,14
492,6
493,6
494,15
495,10
496,13
497,14
498,14
499,22
500,14
501,11
502,13
503,14
504,9
505,24
506,20
507,14
508,16
509,14
510,11
511,11
512,15
513,13
514,14
515,6
516,12
517,10
518,14
519,14
520,14
521,15
522,27
523,20
524,26
525,9
526,14
527,16
528,20
529,21
530,19
531,14
532,11
533,8
534,13
535,14
536,13
537,15
538,13
539,13
540,14
541,14
542,14
543,14
544,9
545,13
546,14
547,23
548,26
549,14
550,13
551,14
552,21
553,13
554,14
555,13
556,13
557,24
558,14
559,14
560,13
561,22
562,13
563,14
564,19
565,26
566,9
567,11
568,12
569,14
570,14
571,16
572,9
573,9
574,14
575,13
576,23
577,9
578,15
579,14
580,15
581,14
582,14
583,14
584,15
585,14
586,23
587,14
588,20
589,9
590,11
591,26
592,13
593,24
594,14
595,14
596,14
597,15
598,23
599,28
600,10
601,14
602,6
603,9
604,13
605,9
606,14
607,12
608,14
609,21
610,13
611,13
612,9
613,27
614,15
615,25
616,22
617,9
618,13
619,27
620,13
621,9
622,6
623,13
624,14
625,14
626,24
627,20
628,16
629,15
630,22
631,14
632,9
633,14
634,21
635,12
636,9
637,13
638,27
639,14
640,36
641,14
642,14
643,21
644,9
645,22
646,10
647,14
648,14
649,12
650,15
651,15
652,13
653,13
654,14
655,13
656,24
657,14
658,12
659,31
660,14
661,21
662,14
663,36
664,14
665,14
666,6
667,15
668,25
669,14
670,14
671,14
672,12
673,14
674,14
675,14
676,16
677,9
678,9
679,8
680,14
681,6
682,14
683,2
684,11
685,9
686,24
687,15
688,14
689,14
690,14
691,28
692,13
693,14
694,15
695,13
696,14
697,6
698,14
699,16
700,22
701,14
702,14
703,23
704,14
705,6
706,15
707,14
708,14
709,15
710,12
711,15
712,27
713,14
714,9
715,26
716,14
717,8
718,14
719,21
720,14
721,14
722,14
723,10
724,13
725,14
726,9
727,20
728,14
729,13
730,21
731,14
732,22
733,14
734,14
735,23
736,22
737,14
738,13
739,14
740,14
741,15
742,9
743,14
744,26
745,13
746,24
747,8
748,22
749,14
750,25
751,9
752,16
753,14
754,15
755,27
756,14
757,23
758,25
759,14
760,13
761,8
762,13
763,15
764,13
765,14
766,24
767,6
768,21
769,14
770,13
771,14
772,9
773,15
774,9
775,14
776,14
777,14
778,24
779,22
780,6
781,24
782,14
783,29
784,33
785,14
786,21
787,20
788,14
789,15
790,13
791,14
792,12
793,14
794,40
795,14
796,15
797,23
798,10
799,14
800,14
801,10
802,9
803,13
804,13
805,13
806,25
807,13
808,13
809,9
810,12
811,14
812,9
813,14
814,14
815,13
816,13
817,9
818,24
819,14
820,27
821,12
822,9
823,14
824,14
825,14
826,13
827,15
828,9
829,15
830,13
831,20
832,14
833,24
834,26
835,13
836,14
837,21
838,15
839,23
840,13
841,23
842,20
843,12
844,23
845,30
846,30
847,14
848,13
849,22
850,13
851,28
852,24
853,16
854,20
855,25
856,22
857,24
858,26
859,16
860,15
861,31
862,13
863,19
864,32
865,9
866,14
867,14
868,13
869,9
870,14
871,14
872,14
873,22
874,13
875,27
876,21
877,26
878,14
879,11
880,12
881,14
882,9
883,13
884,13
885,6
886,9
887,28
888,6
889,14
890,15
891,20
892,24
893,14
894,24
895,13
896,24
897,12
898,29
899,14
900,14
901,14
902,14
903,13
904,14
905,12
906,29
907,14
908,15
909,14
910,12
911,31
912,13
913,13
914,14
915,14
916,20
917,15
918,21
919,21
920,23
921,14
922,22
923,14
924,14
925,13
926,6
927,9
928,14
929,9
930,9
931,14
932,14
933,27
934,25
935,15
936,12
937,11
938,25
939,25
940,13
941,21
942,19
943,13
944,9
945,14
946,23
947,14
948,8
949,20
950,9
951,14
952,12
953,14
954,15
955,14
956,9
957,9
958,9
959,14
960,32
961,14
962,14
963,13
964,26
965,23
966,9
967,15
968,13
969,8
970,11
971,21
972,14
973,22
974,26
975,13
976,15
977,21
978,24
979,15
980,14
981,11
982,12
983,9
984,9
985,15
986,23
987,14
988,13
989,14
990,2
991,28
992,26
993,13
994,12
995,9
996,13
997,14
998,15
999,9
1000,28
1001,12
1002,14
1003,15
1004,15
1005,19
1006,13
1007,13
1008,11
1009,21
1010,15
1011,9
1012,14
1013,24
1014,13
1015,16
1016,16
1017,39
1018,9
1019,14
1020,13
1021,24
1022,14
1023,23
1024,39
1025,24
1026,13
1027,14
1028,13
1029,15
1030,27
1031,14
1032,9
1033,14
1034,14
1035,25
1036,21
1037,14
1038,11
1039,6
1040,14
1041,9
1042,13
1043,27
1044,14
1045,14
1046,14
1047,21
1048,14
1049,24
1050,13
1051,25
1052,13
1053,9
1054,11
1055,24
1056,14
1057,16
1058,14
1059,9
1060,16
1061,15
1062,22
1063,13
1064,14
1065,13
1066,13
1067,14
1068,24
1069,12
1070,26
1071,13
1072,21
1073,22
1074,9
1075,13
1076,14
1077,15
1078,9
1079,8
1080,9
1081,25
1082,14
1083,14
1084,15
1085,9
1086,24
1087,14
1088,15
1089,26
1090,14
1091,13
1092,16
1093,15
1094,22
1095,14
1096,14
1097,14
1098,13
1099,10
1100,6
1101,9
1102,13
1103,9
1104,14
1105,14
1106,24
1107,25
1108,15
1109,9
1110,13
1111,15
1112,11
1113,9
1114,13
1115,10
1116,13
1117,14
1118,14
1119,13
1120,14
1121,14
1122,14
1123,14
1124,27
1125,9
1126,13
1127,14
1128,25
1129,14
1130,30
1131,23
1132,7
1133,6
1134,13
1135,9
1136,16
1137,14
1138,15
1139,13
1140,14
1141,13
1142,14
1143,15
1144,14
1145,14
1146,14
1147,11
1148,13
1149,15
1150,25
1151,13
1152,12
1153,22
1154,9
1155,22
1156,23
1157,13
1158,13
1159,14
1160,9
1161,14
1162,24
1163,23
1164,14
1165,13
1166,14
1167,31
1168,25
1169,14
1170,6
1171,13
1172,14
1173,15
1174,15
1175,9
1176,6
1177,15
1178,9
1179,14
1180,13
1181,13
1182,9
1183,13
1184,13
1185,10
1186,20
1187,21
1188,9
1189,15
1190,12
1191,14
1192,14
1193,14
1194,14
1195,6
1196,14
1197,9
1198,14
1199,8
1200,36
1201,9
1202,10
1203,9
1204,25
1205,27
1206,9
1207,9
1208,13
1209,14
1210,13
1211,6
1212,26
1213,14
1214,9
1215,25
1216,15
1217,14
1218,14
1219,14
1220,14
1221,14
1222,30
1223,9
1224,8
1225,19
1226,9
1227,14
1228,30
1229,9
1230,14
1231,13
1232,26
1233,15
1234,20
1235,14
1236,15
1237,14
1238,21
1239,23
1240,22
1241,16
1242,14
1243,20
1244,13
1245,14
1246,13
1247,30
1248,13
1249,14
1250,12
1251,14
1252,14
1253,26
1254,14
1255,16
1256,14
1257,24
1258,9
1259,13
1260,25
1261,20
1262,14
1263,15
1264,14
1265,20
1266,31
1267,14
1268,6
1269,21
1270,8
1271,14
1272,24
1273,26
1274,13
1275,21
1276,11
1277,13
1278,14
1279,14
1280,26
1281,27
1282,14
1283,10
1284,14
1285,9
1286,13
1287,9
1288,15
1289,12
1290,24
1291,26
1292,14
1293,14
1294,14
1295,11
1296,14
1297,9
1298,29
1299,30
1300,14
1301,21
1302,20
1303,15
1304,13
1305,13
1306,26
1307,14
1308,13
1309,9
1310,14
1311,9
1312,12
1313,14
1314,15
1315,16
1316,4
1317,14
1318,13
1319,8
1320,14
1321,21
1322,22
1323,11
1324,9
1325,9
1326,6
1327,6
1328,12
1329,15
1330,6
1331,23
1332,14
1333,31
1334,9
1335,21
1336,21
1337,26
1338,14
1339,14
1340,10
1341,23
1342,15
1343,25
1344,14
1345,23
1346,15
1347,9
1348,16
1349,15
1350,6
1351,9
1352,14
1353,6
1354,14
1355,14
1356,13
1357,25
1358,13
1359,25
1360,15
1361,22
1362,14
1363,26
1364,14
1365,15
1366,9
1367,10
1368,26
1369,14
1370,25
1371,14
1372,14
1373,9
1374,24
1375,14
1376,27
1377,14
1378,14
1379,21
1380,9
1381,14
1382,9
1383,16
1384,20
1385,15
1386,14
1387,9
1388,9
1389,21
1390,14
1391,9
1392,12
1393,26
1394,23
1395,20
1396,15
1397,15
1398,9
1399,13
1400,13
1401,9
1402,9
1403,14
1404,14
1405,9
1406,9
1407,10
1408,16
1409,24
1410,14
1411,19
1412,21
1413,13
1414,14
1415,11
1416,6
1417,14
1418,15
1419,14
1420,23
1421,9
1422,22
1423,30
1424,16
1425,6
1426,14
1427,16
1428,26
1429,14
1430,23
1431,9
1432,9
1433,9
1434,21
1435,9
1436,14
1437,6
1438,14
1439,13
1440,13
1441,9
1442,24
1443,14
1444,14
1445,20
1446,11
1447,11
1448,32
1449,14
1450,21
1451,27
1452,10
1453,22
1454,23
1455,14
1456,14
1457,14
1458,23
1459,13
1460,13
1461,12
1462,13
1463,23
1464,14
1465,24
1466,6
1467,31
1468,14
1469,15
1470,15
1471,14
1472,6
1473,23
1474,14
1475,9
1476,13
1477,21
1478,14
1479,14
1480,12
1481,13
1482,12
1483,13
1484,9
1485,15
1486,19
1487,6
1488,12
1489,13
1490,19
1491,9
1492,24
1493,10
1494,14
1495,9
1496,14
1497,14
1498,23
1499,15
1500,6
1501,12
1502,13
1503,14
1504,12
1505,14
1506,10
1507,14
1508,13
1509,15
1510,9
1511,14
1512,6
1513,9
1514,15
1515,14
1516,13
1517,33
1518,9
1519,12
1520,30
1521,8
1522,14
1523,21
1524,25
1525,14
1526,12
1527,12
1528,12
1529,14
1530,14
1531,11
1532,12
1533,11
1534,20
1535,15
1536,14
1537,9
1538,14
1539,20
1540,22
1541,13
1542,15
1543,14
1544,12
1545,14
1546,14
1547,32
1548,16
1549,13
1550,22
1551,14
1552,14
1553,28
1554,25
1555,15
1556,23
1557,23
1558,25
1559,22
1560,9
1561,12
1562,16
1563,22
1564,14
1565,15
1566,16
1567,14
1568,10
1569,12
1570,20
1571,14
1572,14
1573,15
1574,14
1575,4
1576,14
1577,24
1578,6
1579,22
1580,14
1581,21
1582,13
1583,15
1584,9
1585,15
1586,6
1587,14
1588,14
1589,9
1590,5
1591,10
1592,10
1593,22
1594,6
1595,8
1596,16
1597,13
1598,13
1599,14
1600,23
1601,10
1602,6
1603,13
1604,13
1605,14
1606,21
1607,13
1608,14
1609,14
1610,27
1611,6
1612,21
1613,13
1614,9
1615,14
1616,20
1617,12
1618,16
1619,25
1620,15
1621,13
1622,14
1623,13
1624,25
1625,19
1626,26
1627,26
1628,14
1629,13
1630,9
1631,10
1632,27
1633,12
1634,22
1635,15
1636,14
1637,22
1638,16
1639,13
1640,14
1641,19
1642,19
1643,9
1644,16
1645,22
1646,22
1647,22
1648,9
1649,14
1650,25
1651,21
1652,14
1653,16
1654,12
1655,15
1656,13
1657,14
1658,20
1659,13
1660,14
1661,13
1662,14
1663,15
1664,26
1665,14
1666,28
1667,16
1668,15
1669,6
1670,8
1671,9
1672,14
1673,13
1674,9
1675,14
1676,13
1677,15
1678,30
1679,9
1680,14
1681,22
1682,14
1683,12
1684,11
1685,21
1686,14
1687,14
1688,9
1689,14
1690,13
1691,21
1692,14
1693,14
1694,8
1695,11
1696,14
1697,14
1698,25
1699,9
1700,12
1701,14
1702,13
1703,13
1704,13
1705,23
1706,9
1707,15
1708,14
1709,9
1710,14
1711,14
1712,23
1713,8
1714,12
1715,12
1716,6
1717,8
1718,14
1719,16
1720,9
1721,24
1722,22
1723,26
1724,22
1725,6
1726,14
1727,30
1728,19
1729,27
1730,13
1731,14
1732,9
1733,14
1734,16
1735,22
1736,13
1737,7
1738,14
1739,13
1740,13
1741,15
1742,9
1743,12
1744,11
1745,14
1746,23
1747,14
1748,28
1749,9
1750,30
1751,15
1752,43
1753,22
1754,14
1755,14
1756,25
1757,25
1758,15
1759,14
1760,14
1761,23
1762,14
1763,13
1764,24
1765,22
1766,12
1767,9
1768,23
1769,16
1770,14
1771,12
1772,13
1773,9
1774,10
1775,9
1776,14
1777,7
1778,25
1779,22
1780,14
1781,9
1782,15
1783,20
1784,16
1785,14
1786,14
1787,14
1788,8
1789,24
1790,9
1791,25
1792,13
1793,9
1794,15
1795,14
1796,15
1797,13
1798,24
1799,9
1800,19
1801,14
1802,13
1803,14
1804,20
1805,22
1806,22
1807,14
1808,16
1809,14
1810,31
1811,14
1812,10
1813,15
1814,21
1815,21
1816,22
1817,22
1818,15
1819,19
1820,14
1821,14
1822,13
1823,29
1824,4
1825,9
1826,14
1827,14
1828,22
1829,12
1830,15
1831,16
1832,29
1833,25
1834,19
1835,14
1836,9
1837,10
1838,14
1839,13
1840,15
1841,21
1842,14
1843,6
1844,30
1845,13
1846,16
1847,22
1848,14
1849,14
1850,14
1851,15
1852,14
1853,12
1854,14
1855,14
1856,9
1857,24
1858,14
1859,14
1860,15
1861,13
1862,10
1863,14
1864,23
1865,13
1866,16
1867,23
1868,22
1869,20
1870,31
1871,15
1872,14
1873,6
1874,11
1875,34
1876,20
1877,15
1878,32
1879,14
1880,13
1881,14
1882,15
1883,25
1884,21
1885,14
1886,14
1887,25
1888,14
1889,13
1890,13
1891,16
1892,14
1893,13
1894,23
1895,15
1896,16
1897,14
1898,13
1899,20
1900,10
1901,14
1902,6
1903,15
1904,13
1905,14
1906,15
1907,14
1908,14
1909,25
1910,12
1911,9
1912,15
1913,12
1914,26
1915,6
1916,26
1917,13
1918,11
1919,11
1920,14
1921,10
1922,13
1923,24
1924,14
1925,16
1926,14
1927,8
1928,13
1929,8
1930,9
1931,21
1932,24
1933,14
1934,24
1935,14
1936,15
1937,23
1938,14
1939,6
1940,24
1941,14
1942,14
1943,9
1944,27
1945,19
1946,14
1947,14
1948,31
1949,14
1950,13
1951,23
1952,21
1953,23
1954,14
1955,33
1956,14
1957,6
1958,15
1959,14
1960,13
1961,9
1962,24
1963,16
1964,9
1965,24
1966,6
1967,14
1968,23
1969,23
1970,9
1971,24
1972,3
1973,14
1974,23
1975,14
1976,22
1977,25
1978,20
1979,13
1980,25
1981,11
1982,19
1983,14
1984,24
1985,13
1986,8
1987,14
1988,13
1989,14
1990,14
1991,14
1992,25
1993,15
1994,8
1995,25
1996,14
1997,14
1998,14
1999,9
2000,14
2001,33
2002,9
2003,9
2004,9
2005,13
2006,14
2007,13
2008,19
2009,22
2010,14
2011,25
2012,10
2013,13
2014,14
2015,14
2016,13
2017,10
2018,14
2019,13
2020,15
2021,14
2022,14
2023,35
2024,14
2025,9
2026,6
2027,16
2028,14
2029,28
2030,10
2031,14
2032,14
2033,13
2034,13
2035,14
2036,25
2037,14
2038,9
2039,6
2040,27
2041,13
2042,9
2043,14
2044,9
2045,0
2046,9
2047,16
2048,23
2049,6
2050,6
2051,10
2052,9
2053,14
2054,11
2055,21
2056,14
2057,6
2058,14
2059,14
2060,9
2061,14
2062,5
2063,26
2064,16
2065,21
2066,21
2067,14
2068,9
2069,14
2070,22
2071,13
2072,9
2073,14
2074,13
2075,9
2076,14
2077,12
2078,20
2079,14
2080,27
2081,15
2082,25
2083,9
2084,30
2085,13
2086,26
2087,24
2088,24
2089,9
2090,6
2091,6
2092,14
2093,9
2094,13
2095,13
2096,13
2097,26
2098,14
2099,14
2100,13
2101,16
2102,20
2103,14
2104,15
2105,25
2106,31
2107,14
2108,29
2109,12
2110,12
2111,14
2112,24
2113,14
2114,13
2115,13
2116,15
2117,21
2118,12
2119,13
2120,13
2121,15
2122,23
2123,25
2124,9
2125,14
2126,14
2127,14
2128,44
2129,9
2130,13
2131,13
2132,13
2133,16
2134,30
2135,16
2136,9
2137,31
2138,13
2139,14
2140,9
2141,21
2142,12
2143,5
2144,14
2145,9
2146,14
2147,14
2148,13
2149,9
2150,6
2151,8
2152,14
2153,14
2154,13
2155,9
2156,13
2157,15
2158,27
2159,16
2160,32
2161,14
2162,13
2163,14
2164,28
2165,14
2166,25
2167,13
2168,11
2169,9
2170,14
2171,24
2172,26
2173,14
2174,22
2175,23
2176,20
2177,9
2178,20
2179,19
2180,14
2181,14
2182,13
2183,14
2184,24
2185,14
2186,15
2187,14
2188,14
2189,24
2190,9
2191,28
2192,12
2193,14
2194,14
2195,23
2196,6
2197,14
2198,12
2199,21
2200,13
2201,12
2202,14
2203,6
2204,27
2205,13
2206,9
2207,14
2208,14
2209,27
2210,26
2211,24
2212,24
2213,26
2214,14
2215,4
2216,16
2217,25
2218,21
2219,28
2220,14
2221,10
2222,14
2223,26
2224,27
2225,9
2226,15
2227,14
2228,10
2229,9
2230,21
2231,24
2232,32
2233,4
2234,12
2235,14
2236,15
2237,14
2238,13
2239,14
2240,14
2241,26
2242,15
2243,14
2244,21
2245,14
2246,9
2247,14
2248,14
2249,15
2250,14
2251,14
2252,14
2253,12
2254,14
2255,5
2256,11
2257,14
2258,13
2259,4
2260,14
2261,14
2262,14
2263,14
2264,21
2265,15
2266,26
2267,45
2268,6
2269,22
2270,14
2271,13
2272,14
2273,26
2274,14
2275,24
2276,12
2277,13
2278,13
2279,9
2280,26
2281,30
2282,7
2283,6
2284,22
2285,14
2286,14
2287,28
2288,14
2289,6
2290,25
2291,14
2292,14
2293,12
2294,14
2295,22
2296,16
2297,25
2298,10
2299,14
2300,13
2301,13
2302,14
2303,14
2304,14
2305,14
2306,12
2307,14
2308,23
2309,14
2310,14
2311,14
2312,24
2313,14
2314,13
2315,6
2316,9
2317,9
2318,14
2319,21
2320,14
2321,14
2322,15
2323,23
2324,9
2325,27
2326,14
2327,29
2328,26
2329,14
2330,13
2331,35
2332,14
2333,14
2334,9
2335,15
2336,14
2337,13
2338,9
2339,10
2340,25
2341,28
2342,14
2343,14
2344,13
2345,10
2346,10
2347,13
2348,15
2349,9
2350,15
2351,14
2352,26
2353,15
2354,13
2355,13
2356,28
2357,16
2358,12
2359,15
2360,21
2361,14
2362,14
2363,9
2364,13
2365,15
2366,14
2367,20
2368,23
2369,14
2370,13
2371,15
2372,28
2373,13
2374,14
2375,15
2376,11
2377,13
2378,14
2379,13
2380,14
2381,23
2382,28
2383,23
2384,23
2385,26
2386,1
2387,22
2388,24
2389,13
2390,24
2391,24
2392,23
2393,9
2394,21
2395,15
2396,13
2397,25
2398,12
2399,14
2400,14
2401,14
2402,12
2403,23
2404,20
2405,19
2406,24
2407,14
2408,9
2409,13
2410,14
2411,21
2412,23
2413,14
2414,13
2415,22
2416,14
2417,14
2418,23
2419,27
2420,6
2421,9
2422,14
2423,29
2424,9
2425,13
2426,28
2427,6
2428,14
2429,9
2430,14
2431,14
2432,28
2433,16
2434,14
2435,22
2436,28
2437,12
2438,27
2439,11
2440,9
2441,28
2442,22
2443,15
2444,9
2445,6
2446,14
2447,23
2448,13
2449,14
2450,23
2451,33
2452,14
2453,14
2454,15
2455,14
2456,13
2457,20
2458,25
2459,15
2460,22
2461,23
2462,14
2463,12
2464,9
2465,14
2466,25
2467,14
2468,9
2469,13
2470,14
2471,23
2472,28
2473,8
2474,14
2475,22
2476,14
2477,6
2478,9
2479,33
2480,14
2481,13
2482,25
2483,13
2484,14
2485,10
2486,9
2487,22
2488,13
2489,14
2490,14
2491,14
2492,12
2493,9
2494,14
2495,13
2496,9
2497,14
2498,15
2499,16
2500,14
2501,10
2502,14
2503,32
2504,21
2505,15
2506,26
2507,12
2508,20
2509,6
2510,13
2511,14
2512,28
2513,25
2514,30
2515,14
2516,21
2517,9
2518,6
2519,14
2520,14
2521,14
2522,14
2523,14
2524,13
2525,12
2526,15
2527,14
2528,14
2529,14
2530,14
2531,13
2532,10
2533,13
2534,16
2535,21
2536,9
2537,14
2538,23
2539,14
2540,6
2541,6
2542,9
2543,13
2544,15
2545,13
2546,14
2547,16
2548,13
2549,9
2550,23
2551,13
2552,23
2553,26
2554,6
2555,14
2556,9
2557,9
2558,15
2559,14
2560,23
2561,9
2562,30
2563,15
2564,10
2565,25
2566,27
2567,22
2568,14
2569,13
2570,15
2571,14
2572,14
2573,14
2574,12
2575,6
2576,9
2577,14
2578,6
2579,9
2580,14
2581,15
2582,23
2583,14
2584,8
2585,26
2586,14
2587,13
2588,13
2589,24
2590,12
2591,29
2592,13
2593,13
2594,13
2595,14
2596,13
2597,10
2598,14
2599,13
2600,23
2601,23
2602,9
2603,12
2604,22
2605,24
2606,12
2607,14
2608,14
2609,13
2610,13
2611,25
2612,13
2613,14
2614,15
2615,11
2616,14
2617,22
2618,12
2619,14
2620,6
2621,15
2622,12
2623,9
2624,6
2625,14
2626,19
2627,15
2628,12
2629,13
2630,13
2631,14
2632,30
2633,15
2634,14
2635,6
2636,9
2637,14
2638,14
2639,13
2640,11
2641,13
2642,14
2643,14
2644,13
2645,13
2646,6
2647,16
2648,23
2649,2
2650,14
2651,14
2652,23
2653,32
2654,24
2655,12
2656,14
2657,16
2658,23
2659,15
2660,8
2661,6
2662,14
2663,22
2664,10
2665,12
2666,3
2667,14
2668,27
2669,12
2670,22
2671,14
2672,24
2673,15
2674,6
2675,26
2676,9
2677,14
2678,14
2679,12
2680,35
2681,9
2682,22
2683,24
2684,9
2685,13
2686,22
2687,13
2688,11
2689,21
2690,14
2691,22
2692,14
2693,26
2694,13
2695,14
2696,14
2697,6
2698,6
2699,15
2700,14
2701,12
2702,20
2703,12
2704,13
2705,14
2706,10
2707,24
2708,14
2709,13
2710,14
2711,9
2712,8
2713,26
2714,23
2715,7
2716,9
2717,14
2718,14
2719,9
2720,14
2721,32
2722,14
2723,8
2724,9
2725,9
2726,23
2727,10
2728,13
2729,9
2730,33
2731,14
2732,14
2733,14
2734,9
2735,14
2736,9
2737,14
2738,13
2739,23
2740,26
2741,14
2742,14
2743,15
2744,9
2745,9
2746,15
2747,21
2748,12
2749,13
2750,15
2751,13
2752,14
2753,14
2754,13
2755,14
2756,12
2757,23
2758,26
2759,13
2760,14
2761,14
2762,14
2763,14
2764,9
2765,8
2766,28
2767,16
2768,28
2769,9
2770,16
2771,15
2772,14
2773,14
2774,9
2775,9
2776,13
2777,14
2778,14
2779,21
2780,14
2781,14
2782,13
2783,21
2784,14
2785,14
2786,25
2787,13
2788,9
2789,9
2790,14
2791,15
2792,11
2793,10
2794,24
2795,11
2796,13
2797,15
2798,6
2799,14
2800,15
2801,13
2802,9
2803,12
2804,25
2805,14
2806,6
2807,9
2808,30
2809,9
2810,9
2811,29
2812,19
2813,14
2814,15
2815,14
2816,23
2817,19
2818,23
2819,14
2820,10
2821,20
2822,14
2823,14
2824,9
2825,14
2826,24
2827,30
2828,14
2829,13
2830,15
2831,13
2832,28
2833,23
2834,31
2835,13
2836,40
2837,19
2838,15
2839,11
2840,13
2841,34
2842,31
2843,24
2844,19
2845,6
2846,23
2847,12
2848,25
2849,24
2850,13
2851,14
2852,15
2853,13
2854,22
2855,13
2856,19
2857,12
2858,9
2859,12
2860,9
2861,14
2862,14
2863,15
2864,14
2865,9
2866,20
2867,12
2868,14
2869,12
2870,21
2871,14
2872,13
2873,9
2874,9
2875,14
2876,40
2877,13
2878,12
2879,14
2880,13
2881,14
2882,16
2883,14
2884,9
2885,14
2886,14
2887,13
2888,14
2889,13
2890,28
2891,21
2892,15
2893,14
2894,14
2895,9
2896,25
2897,14
2898,13
2899,15
2900,13
2901,24
2902,20
2903,14
2904,14
2905,14
2906,12
2907,15
2908,9
2909,14
2910,26
2911,28
2912,22
2913,11
2914,12
2915,14
2916,23
2917,24
2918,14
2919,10
2920,14
2921,6
2922,12
2923,26
2924,21
2925,26
2926,14
2927,11
2928,11
2929,15
2930,41
2931,14
2932,12
2933,13
2934,14
2935,3
2936,8
2937,22
2938,14
2939,8
2940,14
2941,16
2942,10
2943,31
2944,13
2945,14
2946,14
2947,14
2948,16
2949,13
2950,14
2951,16
2952,14
2953,14
2954,14
2955,14
2956,14
2957,16
2958,14
2959,9
2960,24
2961,23
2962,14
2963,9
2964,14
2965,19
2966,9
2967,14
2968,22
2969,28
2970,14
2971,15
2972,9
2973,14
2974,14
2975,14
2976,32
2977,6
2978,66
2979,21
2980,23
2981,13
2982,22
2983,8
2984,13
2985,23
2986,15
2987,14
2988,13
2989,9
2990,14
2991,14
2992,9
2993,13
2994,14
2995,14
2996,9
2997,15
2998,9
2999,14
3000,26
3001,25
3002,14
3003,6
3004,29
3005,14
3006,14
3007,9
3008,14
3009,14
3010,26
3011,14
3012,11
3013,15
3014,25
3015,15
3016,9
3017,15
3018,14
3019,14
3020,11
3021,14
3022,16
3023,14
3024,28
3025,14
3026,9
3027,14
3028,2
3029,14
3030,14
3031,14
3032,11
3033,9
3034,13
3035,25
3036,16
3037,14
3038,14
3039,9
3040,10
3041,13
3042,14
3043,25
3044,26
3045,29
3046,15
3047,14
3048,15
3049,9
3050,14
3051,15
3052,9
3053,14
3054,13
3055,12
3056,14
3057,7
3058,9
3059,14
3060,9
3061,14
3062,14
3063,27
3064,25
3065,24
3066,23
3067,14
3068,14
3069,9
3070,14
3071,9
3072,12
3073,9
3074,10
3075,19
3076,14
3077,14
3078,25
3079,14
3080,15
3081,6
3082,23
3083,28
3084,13
3085,12
3086,22
3087,19
3088,14
3089,14
3090,15
3091,22
3092,9
3093,13
3094,31
3095,14
3096,6
3097,43
3098,26
3099,10
3100,24
3101,14
3102,15
3103,29
3104,12
3105,12
3106,8
3107,27
3108,14
3109,9
3110,14
3111,16
3112,16
3113,10
3114,13
3115,27
3116,14
3117,13
3118,9
3119,23
3120,13
3121,14
3122,22
3123,13
3124,14
3125,14
3126,11
3127,22
3128,26
3129,16
3130,23
3131,9
3132,23
3133,13
3134,9
3135,14
3136,6
3137,15
3138,14
3139,16
3140,27
3141,25
3142,14
3143,21
3144,14
3145,10
3146,14
3147,23
3148,14
3149,14
3150,14
3151,23
3152,20
3153,30
3154,14
3155,27
3156,14
3157,13
3158,23
3159,14
3160,13
3161,14
3162,6
3163,22
3164,8
3165,15
3166,14
3167,9
3168,29
3169,15
3170,30
3171,23
3172,14
3173,14
3174,14
3175,14
3176,12
3177,14
3178,19
3179,10
3180,14
3181,12
3182,13
3183,19
3184,13
3185,20
3186,22
3187,14
3188,14
3189,26
3190,25
3191,14
3192,14
3193,12
3194,25
3195,6
3196,9
3197,13
3198,16
3199,13
3200,15
3201,14
3202,15
3203,13
3204,25
3205,12
3206,14
3207,21
3208,9
3209,30
3210,9
3211,6
3212,20
3213,9
3214,14
3215,13
3216,14
3217,10
3218,14
3219,22
3220,14
3221,14
3222,14
3223,9
3224,14
3225,14
3226,14
3227,13
3228,14
3229,10
3230,9
3231,21
3232,21
3233,24
3234,13
3235,6
3236,20
3237,19
3238,16
3239,15
3240,9
3241,14
3242,19
3243,23
3244,14
3245,3
3246,8
3247,12
3248,15
3249,14
3250,9
3251,9
3252,14
3253,23
3254,9
3255,13
3256,14
3257,14
3258,23
3259,13
3260,15
3261,14
3262,11
3263,14
3264,14
3265,22
3266,15
3267,14
3268,14
3269,8
3270,6
3271,14
3272,10
3273,11
3274,9
3275,15
3276,30
3277,14
3278,12
3279,14
3280,6
3281,14
3282,14
3283,14
3284,20
3285,15
3286,9
3287,14
3288,14
3289,13
3290,6
3291,38
3292,24
3293,14
3294,16
3295,9
3296,7
3297,6
3298,26
3299,6
3300,9
3301,12
3302,13
3303,11
3304,14
3305,14
3306,14
3307,24
3308,14
3309,14
3310,13
3311,28
3312,25
3313,22
3314,15
3315,14
3316,14
3317,13
3318,23
3319,6
3320,21
3321,14
3322,9
3323,13
3324,14
3325,14
3326,13
3327,14
3328,27
3329,9
3330,9
3331,9
3332,13
3333,15
3334,15
3335,6
3336,9
3337,29
3338,14
3339,14
3340,14
3341,15
3342,14
3343,11
3344,14
3345,23
3346,13
3347,9
3348,13
3349,13
3350,13
3351,25
3352,13
3353,11
3354,10
3355,14
3356,12
3357,14
3358,27
3359,14
3360,33
3361,15
3362,8
3363,9
3364,15
3365,14
3366,14
3367,13
3368,31
3369,14
3370,21
3371,21
3372,14
3373,12
3374,24
3375,14
3376,34
3377,14
3378,13
3379,14
3380,25
3381,11
3382,19
3383,23
3384,9
3385,15
3386,15
3387,14
3388,21
3389,21
3390,14
3391,13
3392,10
3393,27
3394,14
3395,9
3396,28
3397,9
3398,14
3399,14
3400,13
3401,6
3402,25
3403,14
3404,20
3405,8
3406,21
3407,16
3408,13
3409,28
3410,6
3411,23
3412,19
3413,24
3414,22
3415,20
3416,14
3417,14
3418,13
3419,14
3420,25
3421,12
3422,23
3423,13
3424,15
3425,14
3426,15
3427,14
3428,11
3429,16
3430,15
3431,22
3432,14
3433,14
3434,13
3435,14
3436,21
3437,14
3438,14
3439,9
3440,14
3441,14
3442,9
3443,14
3444,11
3445,10
3446,14
3447,14
3448,28
3449,14
3450,14
3451,14
3452,10
3453,13
3454,14
3455,14
3456,24
3457,14
3458,15
3459,20
3460,9
3461,24
3462,23
3463,8
3464,14
3465,21
3466,14
3467,9
3468,12
3469,26
3470,13
3471,12
3472,16
3473,24
3474,22
3475,10
3476,13
3477,14
3478,8
3479,14
3480,13
3481,13
3482,13
3483,11
3484,16
3485,14
3486,14
3487,6
3488,9
3489,14
3490,13
3491,12
3492,14
3493,13
3494,14
3495,13
3496,14
3497,24
3498,14
3499,22
3500,14
3501,13
3502,14
3503,14
3504,15
3505,14
3506,10
3507,23
3508,22
3509,22
3510,13
3511,12
3512,14
3513,14
3514,26
3515,12
3516,21
3517,14
3518,14
3519,15
3520,14
3521,25
3522,2
3523,14
3524,20
3525,13
3526,14
3527,9
3528,15
3529,3
3530,13
3531,14
3532,27
3533,13
3534,9
3535,15
3536,29
3537,14
3538,14
3539,14
3540,14
3541,12
3542,21
3543,14
3544,14
3545,24
3546,14
3547,15
3548,14
3549,19
3550,21
3551,9
3552,6
3553,14
3554,10
3555,15
3556,16
3557,9
3558,11
3559,14
3560,22
3561,11
3562,14
3563,20
3564,14
3565,10
3566,28
3567,13
3568,19
3569,9
3570,13
3571,14
3572,21
3573,21
3574,14
3575,15
3576,14
3577,14
3578,22
3579,28
3580,15
3581,24
3582,13
3583,14
3584,26
3585,9
3586,12
3587,9
3588,14
3589,19
3590,16
3591,13
3592,14
3593,16
3594,30
3595,14
3596,13
3597,13
3598,20
3599,24
3600,9
3601,14
3602,14
3603,14
3604,26
3605,20
3606,14
3607,27
3608,13
3609,13
3610,24
3611,12
3612,24
3613,15
3614,12
3615,22
3616,16
3617,13
3618,23
3619,14
3620,14
3621,23
3622,9
3623,13
3624,7
3625,26
3626,13
3627,11
3628,14
3629,14
3630,14
3631,4
3632,10
3633,15
3634,14
3635,12
3636,8
3637,8
3638,13
3639,14
3640,32
3641,15
3642,9
3643,19
3644,14
3645,14
3646,13
3647,11
3648,14
3649,14
3650,25
3651,6
3652,24
3653,6
3654,14
3655,22
3656,8
3657,14
3658,25
3659,10
3660,9
3661,14
3662,9
3663,25
3664,21
3665,11
3666,14
3667,16
3668,14
3669,15
3670,22
3671,9
3672,14
3673,12
3674,20
3675,14
3676,13
3677,14
3678,14
3679,20
3680,12
3681,26
3682,12
3683,13
3684,14
3685,14
3686,14
3687,13
3688,20
3689,19
3690,14
3691,10
3692,13
3693,23
3694,24
3695,9
3696,25
3697,20
3698,14
3699,16
3700,26
3701,21
3702,6
3703,14
3704,6
3705,16
3706,14
3707,14
3708,13
3709,9
3710,15
3711,14
3712,28
3713,15
3714,13
3715,13
3716,14
3717,12
3718,14
3719,26
3720,14
3721,14
3722,27
3723,14
3724,14
3725,14
3726,15
3727,15
3728,15
3729,9
3730,13
3731,28
3732,27
3733,11
3734,21
3735,14
3736,29
3737,12
3738,16
3739,13
3740,14
3741,16
3742,11
3743,27
3744,9
3745,20
3746,9
3747,25
3748,14
3749,14
3750,20
3751,9
3752,13
3753,14
3754,6
3755,21
3756,14
3757,14
3758,14
3759,9
3760,29
3761,8
3762,13
3763,26
3764,9
3765,13
3766,5
3767,6
3768,21
3769,14
3770,15
3771,10
3772,14
3773,13
3774,6
3775,14
3776,19
3777,26
3778,14
3779,14
3780,15
3781,12
3782,14
3783,14
3784,12
3785,24
3786,16
3787,14
3788,13
3789,15
3790,14
3791,37
3792,14
3793,15
3794,6
3795,23
3796,24
3797,14
3798,9
3799,9
3800,14
3801,16
3802,14
3803,13
3804,6
3805,25
3806,13
3807,14
3808,14
3809,14
3810,13
3811,14
3812,14
3813,9
3814,27
3815,16
3816,28
3817,16
3818,13
3819,14
3820,9
3821,14
3822,14
3823,26
3824,6
3825,25
3826,34
3827,9
3828,26
3829,14
3830,14
3831,14
3832,13
3833,8
3834,14
3835,24
3836,14
3837,9
3838,14
3839,14
3840,14
3841,12
3842,14
3843,14
3844,9
3845,23
3846,13
3847,24
3848,15
3849,4
3850,14
3851,9
3852,14
3853,9
3854,11
3855,14
3856,14
3857,14
3858,9
3859,30
3860,14
3861,13
3862,12
3863,12
3864,14
3865,16
3866,6
3867,26
3868,22
3869,16
3870,23
3871,20
3872,13
3873,16
3874,25
3875,22
3876,16
3877,6
3878,9
3879,14
3880,8
3881,6
3882,13
3883,14
3884,25
3885,16
3886,13
3887,15
3888,25
3889,14
3890,21
3891,9
3892,24
3893,9
3894,14
3895,22
3896,14
3897,12
3898,15
3899,14
3900,24
3901,14
3902,22
3903,15
3904,15
3905,14
3906,14
3907,26
3908,14
3909,13
3910,14
3911,28
3912,22
3913,23
3914,12
3915,14
3916,20
3917,30
3918,9
3919,14
3920,25
3921,14
3922,53
3923,14
3924,9
3925,10
3926,27
3927,14
3928,12
3929,9
3930,20
3931,14
3932,14
3933,14
3934,24
3935,14
3936,22
3937,13
3938,9
3939,14
3940,14
3941,13
3942,16
3943,14
3944,14
3945,27
3946,14
3947,14
3948,23
3949,24
3950,14
3951,9
3952,14
3953,9
3954,14
3955,14
3956,13
3957,24
3958,14
3959,25
3960,23
3961,14
3962,14
3963,9
3964,13
3965,11
3966,14
3967,10
3968,15
3969,14
3970,13
3971,9
3972,14
3973,9
3974,15
3975,14
3976,0
3977,14
3978,14
3979,22
3980,9
3981,33
3982,11
3983,15
3984,28
3985,13
3986,15
3987,15
3988,24
3989,14
3990,14
3991,25
3992,20
3993,14
3994,14
3995,9
3996,6
3997,13
3998,14
3999,23
4000,9
4001,10
4002,9
4003,12
4004,11
4005,10
4006,9
4007,20
4008,14
4009,22
4010,14
4011,14
4012,13
4013,24
4014,14
4015,13
4016,14
4017,14
4018,13
4019,14
4020,9
4021,14
4022,9
4023,23
4024,26
4025,23
4026,14
4027,23
4028,23
4029,26
4030,21
4031,6
4032,9
4033,14
4034,16
4035,13
4036,25
4037,12
4038,13
4039,9
4040,14
4041,14
4042,21
4043,24
4044,14
4045,19
4046,13
4047,14
4048,23
4049,14
4050,13
4051,14
4052,15
4053,13
4054,13
4055,14
4056,14
4057,15
4058,26
4059,12
4060,13
4061,9
4062,16
4063,14
4064,13
4065,13
4066,15
4067,12
4068,22
4069,28
4070,14
4071,16
4072,16
4073,13
4074,15
4075,15
4076,9
4077,14
4078,22
4079,9
4080,16
4081,9
4082,19
4083,27
4084,14
4085,13
4086,15
4087,13
4088,12
4089,14
4090,13
4091,34
4092,9
4093,14
4094,32
4095,16
4096,15
4097,14
4098,6
4099,31
4100,24
4101,14
4102,14
4103,26
4104,14
4105,9
4106,14
4107,9
4108,14
4109,21
4110,14
4111,31
4112,23
4113,12
4114,22
4115,13
4116,15
4117,9
4118,14
4119,23
4120,14
4121,13
4122,32
4123,13
4124,15
4125,24
4126,13
4127,13
4128,10
4129,9
4130,14
4131,14
4132,14
4133,8
4134,13
4135,13
4136,24
4137,16
4138,22
4139,13
4140,9
4141,27
4142,25
4143,14
4144,12
4145,14
4146,23
4147,9
4148,25
4149,13
4150,24
4151,21
4152,9
4153,12
4154,12
4155,24
4156,20
4157,27
4158,14
4159,11
4160,23
4161,25
4162,15
4163,14
4164,9
4165,14
4166,32
4167,6
4168,12
4169,30
4170,9
4171,16
4172,25
4173,14
4174,6
4175,15
4176,14
4177,9
4178,22
4179,37
4180,11
4181,13
4182,14
4183,9
4184,9
4185,21
4186,25
4187,9
4188,30
4189,15
4190,14
4191,11
4192,8
4193,14
4194,6
4195,13
4196,29
4197,14
4198,13
4199,9
4200,13
4201,15
4202,6
4203,21
4204,14
4205,14
4206,14
4207,21
4208,26
4209,24
4210,25
4211,15
4212,13
4213,25
4214,9
4215,16
4216,12
4217,11
4218,14
4219,14
4220,14
4221,16
4222,23
4223,27
4224,9
4225,23
4226,14
4227,9
4228,14
4229,9
4230,15
4231,14
4232,15
4233,14
4234,26
4235,14
4236,14
4237,14
4238,21
4239,21
4240,6
4241,19
4242,24
4243,21
4244,9
4245,27
4246,19
4247,29
4248,9
4249,12
4250,23
4251,9
4252,9
4253,9
4254,21
4255,14
4256,15
4257,6
4258,29
4259,25
4260,13
4261,12
4262,16
4263,13
4264,6
4265,9
4266,13
4267,11
4268,9
4269,14
4270,26
4271,14
4272,14
4273,20
4274,19
4275,9
4276,12
4277,14
4278,25
4279,11
4280,25
4281,14
4282,28
4283,31
4284,15
4285,11
4286,14
4287,15
4288,19
4289,14
4290,14
4291,21
4292,14
4293,13
4294,9
4295,12
4296,6
4297,15
4298,14
4299,9
4300,15
4301,16
4302,6
4303,13
4304,13
4305,14
