id,predicted
0,168
1,445
2,344
3,246
4,371
5,211
6,348
7,122
8,217
9,4
10,163
11,81
12,410
13,132
14,136
15,55
16,356
17,314
18,117
19,360
20,454
21,24
22,448
23,38
24,62
25,237
26,276
27,458
28,256
29,499
30,180
31,419
32,436
33,369
34,491
35,147
36,17
37,443
38,73
39,248
40,418
41,436
42,489
43,82
44,388
45,22
46,460
47,54
48,353
49,367
50,158
51,461
52,453
53,378
54,485
55,349
56,195
57,4
58,147
59,218
60,333
61,293
62,314
63,263
64,370
65,3
66,129
67,279
68,306
69,136
70,309
71,464
72,442
73,364
74,268
75,222
76,452
77,164
78,494
79,69
80,372
81,163
82,76
83,375
84,232
85,380
86,390
87,178
88,372
89,71
90,137
91,202
92,199
93,179
94,136
95,251
96,474
97,351
98,297
99,465
100,470
101,304
102,45
103,164
104,356
105,306
106,434
107,11
108,275
109,278
110,273
111,305
112,380
113,132
114,270
115,462
116,106
117,234
118,398
119,194
120,428
121,210
122,53
123,395
124,20
125,158
126,0
127,383
128,16
129,343
130,339
131,72
132,478
133,197
134,232
135,108
136,329
137,357
138,322
139,417
140,138
141,446
142,147
143,262
144,430
145,334
146,335
147,358
148,219
149,386
150,5
151,330
152,426
153,417
154,275
155,208
156,329
157,401
158,365
159,299
160,441
161,123
162,256
163,198
164,460
165,96
166,82
167,79
168,64
169,386
170,460
171,324
172,89
173,225
174,51
175,104
176,403
177,296
178,283
179,424
180,125
181,272
182,356
183,233
184,271
185,65
186,29
187,31
188,138
189,89
190,498
191,332
192,321
193,99
194,36
195,284
196,95
197,303
198,92
199,292
200,195
201,282
202,344
203,466
204,396
205,21
206,112
207,212
208,346
209,49
210,131
211,432
212,18
213,263
214,59
215,307
216,141
217,447
218,415
219,418
220,379
221,73
222,342
223,422
224,9
225,442
226,276
227,373
228,181
229,81
230,240
231,134
232,383
233,357
234,263
235,478
236,353
237,1
238,126
239,379
240,217
241,64
242,19
243,164
244,421
245,374
246,297
247,382
248,333
249,196
250,72
251,203
252,443
253,277
254,487
255,227
256,322
257,7
258,473
259,484
260,13
261,412
262,78
263,55
264,28
265,349
266,140
267,462
268,495
269,144
270,355
271,30
272,386
273,180
274,208
275,22
276,82
277,366
278,375
279,27
280,29
281,456
282,480
283,233
284,2
285,171
286,357
287,254
288,56
289,432
290,308
291,28
292,225
293,284
294,41
295,218
296,227
297,224
298,470
299,142
300,89
301,419
302,308
303,105
304,49
305,462
306,442
307,416
308,319
309,319
310,318
311,297
312,220
313,153
314,154
315,71
316,359
317,222
318,491
319,254
320,168
321,138
322,345
323,293
324,20
325,358
326,282
327,389
328,1
329,232
330,160
331,431
332,226
333,437
334,13
335,267
336,209
337,465
338,474
339,156
340,161
341,154
342,404
343,350
344,444
345,266
346,40
347,341
348,343
349,121
350,249
351,154
352,499
353,266
354,191
355,228
356,222
357,1
358,458
359,475
360,97
361,349
362,282
363,489
364,210
365,265
366,169
367,147
368,99
369,243
370,452
371,1
372,393
373,300
374,21
375,352
376,89
377,128
378,140
379,208
380,401
381,69
382,170
383,257
384,61
385,489
386,371
387,167
388,328
389,92
390,73
391,479
392,43
393,229
394,349
395,175
396,347
397,493
398,293
399,122
400,40
401,410
402,315
403,352
404,157
405,68
406,280
407,377
408,229
409,369
410,70
411,328
412,493
413,263
414,186
415,163
416,335
417,180
418,219
419,469
420,363
421,354
422,60
423,469
424,1
425,243
426,473
427,182
428,85
429,413
430,137
431,334
432,347
433,86
434,319
435,366
436,358
437,266
438,287
439,60
440,188
441,240
442,118
443,482
444,254
445,99
446,181
447,58
448,297
449,450
450,292
451,5
452,46
453,221
454,354
455,369
456,414
457,80
458,426
459,397
460,411
461,203
462,469
463,453
464,178
465,23
466,329
467,145
468,154
469,248
470,467
471,135
472,491
473,123
474,318
475,497
476,256
477,136
478,450
479,440
480,212
481,212
482,269
483,172
484,299
485,393
486,6
487,371
488,52
489,243
490,94
491,58
492,25
493,80
494,20
495,335
496,475
497,499
498,473
499,492
500,360
501,328
502,206
503,34
504,431
505,391
506,208
507,409
508,359
509,98
510,304
511,76
512,26
513,485
514,99
515,43
516,54
517,68
518,121
519,143
520,92
521,449
522,81
523,466
524,475
525,101
526,2
527,141
528,231
529,266
530,45
531,469
532,100
533,472
534,18
535,318
536,208
537,78
538,83
539,408
540,266
541,474
542,59
543,272
544,438
545,456
546,488
547,445
548,317
549,109
550,220
551,178
552,194
553,306
554,429
555,412
556,404
557,168
558,446
559,274
560,398
561,429
562,44
563,387
564,221
565,283
566,79
567,34
568,92
569,184
570,120
571,189
572,492
573,347
574,327
575,404
576,46
577,482
578,498
579,308
580,79
581,411
582,141
583,47
584,352
585,252
586,51
587,351
588,214
589,272
590,181
591,314
592,332
593,361
594,317
595,202
596,320
597,310
598,459
599,381
600,388
601,146
602,7
603,109
604,264
605,304
606,352
607,496
608,326
609,117
610,347
611,389
612,101
613,50
614,54
615,282
616,15
617,164
618,110
619,109
620,196
621,41
622,473
623,259
624,287
625,486
626,175
627,294
628,446
629,261
630,257
631,7
632,264
633,218
634,142
635,453
636,447
637,480
638,12
639,147
640,473
641,86
642,311
643,259
644,416
645,363
646,213
647,391
648,346
649,54
650,341
651,138
652,11
653,349
654,296
655,33
656,449
657,364
658,250
659,410
660,131
661,257
662,392
663,343
664,105
665,253
666,271
667,176
668,448
669,485
670,469
671,85
672,482
673,494
674,352
675,14
676,267
677,267
678,342
679,498
680,392
681,139
682,38
683,280
684,174
685,166
686,354
687,134
688,364
689,111
690,472
691,282
692,414
693,403
694,400
695,320
696,296
697,74
698,408
699,161
700,376
701,218
702,83
703,456
704,66
705,203
706,108
707,252
708,333
709,230
710,135
711,267
712,300
713,121
714,456
715,351
716,460
717,54
718,430
719,333
720,53
721,490
722,162
723,433
724,406
725,143
726,90
727,356
728,279
729,480
730,252
731,318
732,215
733,321
734,290
735,70
736,0
737,324
738,334
739,26
740,182
741,166
742,340
743,64
744,166
745,312
746,335
747,429
748,145
749,2
750,145
751,473
752,396
753,109
754,3
755,50
756,139
757,119
758,199
759,106
760,224
761,210
762,272
763,488
764,176
765,166
766,424
767,385
768,378
769,130
770,272
771,220
772,156
773,14
774,381
775,364
776,120
777,377
778,179
779,432
780,368
781,311
782,190
783,248
784,148
785,403
786,181
787,403
788,124
789,100
790,215
791,105
792,253
793,253
794,189
795,26
796,333
797,214
798,48
799,301
800,275
801,302
802,382
803,253
804,332
805,197
806,128
807,18
808,165
809,310
810,83
811,289
812,143
813,37
814,64
815,46
816,299
817,386
818,229
819,443
820,223
821,403
822,122
823,103
824,421
825,18
826,240
827,16
828,225
829,459
830,299
831,399
832,374
833,300
834,487
835,303
836,114
837,283
838,43
839,303
840,421
841,285
842,82
843,493
844,148
845,162
846,265
847,334
848,460
849,401
850,262
851,208
852,439
853,383
854,307
855,402
856,310
857,186
858,420
859,41
860,477
861,7
862,401
863,327
864,15
865,292
866,144
867,451
868,429
869,21
870,340
871,360
872,253
873,424
874,368
875,116
876,65
877,417
878,346
879,255
880,421
881,83
882,55
883,277
884,195
885,471
886,398
887,16
888,99
889,158
890,41
891,245
892,305
893,199
894,398
895,105
896,355
897,254
898,167
899,326
900,365
901,292
902,343
903,330
904,36
905,226
906,209
907,430
908,332
909,296
910,394
911,78
912,472
913,162
914,217
915,490
916,494
917,411
918,239
919,123
920,224
921,27
922,423
923,436
924,490
925,190
926,113
927,104
928,256
929,375
930,188
931,152
932,135
933,152
934,74
935,438
936,177
937,27
938,388
939,215
940,367
941,157
942,474
943,346
944,439
945,485
946,409
947,190
948,173
949,38
950,453
951,293
952,360
953,64
954,304
955,293
956,204
957,56
958,292
959,300
960,412
961,171
962,344
963,80
964,430
965,448
966,161
967,256
968,246
969,17
970,387
971,188
972,151
973,37
974,105
975,420
976,153
977,96
978,480
979,138
980,269
981,315
982,80
983,52
984,148
985,115
986,248
987,402
988,325
989,188
990,228
991,24
992,422
993,11
994,29
995,2
996,111
997,333
998,38
999,329
1000,192
1001,160
1002,104
1003,488
1004,238
1005,57
1006,70
1007,397
1008,292
1009,489
1010,338
1011,137
1012,357
1013,195
1014,99
1015,19
1016,87
1017,298
1018,328
1019,328
1020,159
1021,142
1022,451
1023,202
1024,288
1025,349
1026,421
1027,247
1028,8
1029,139
1030,32
1031,135
1032,485
1033,151
1034,118
1035,460
1036,213
1037,393
1038,80
1039,333
1040,370
1041,34
1042,290
1043,169
1044,126
1045,69
1046,52
1047,50
1048,120
1049,182
1050,401
1051,67
1052,120
1053,156
1054,384
1055,174
1056,73
1057,494
1058,387
1059,61
1060,323
1061,71
1062,336
1063,318
1064,459
1065,417
1066,251
1067,429
1068,6
1069,102
1070,264
1071,287
1072,383
1073,250
1074,480
1075,262
1076,207
1077,479
1078,99
1079,464
1080,191
1081,40
1082,431
1083,339
1084,416
1085,201
1086,302
1087,9
1088,40
1089,345
1090,15
1091,283
1092,88
1093,43
1094,276
1095,155
1096,220
1097,359
1098,440
1099,18
1100,387
1101,137
1102,86
1103,217
1104,166
1105,425
1106,381
1107,220
1108,204
1109,348
1110,197
1111,416
1112,307
1113,358
1114,103
1115,492
1116,449
1117,392
1118,171
1119,95
1120,95
1121,314
1122,450
1123,114
1124,144
1125,364
1126,43
1127,216
1128,328
1129,214
1130,333
1131,204
1132,76
1133,436
1134,222
1135,255
1136,405
1137,450
1138,441
1139,279
1140,152
1141,488
1142,68
1143,350
1144,194
1145,245
1146,171
1147,164
1148,263
1149,446
1150,133
1151,47
1152,327
1153,5
1154,245
1155,163
1156,451
1157,280
1158,272
1159,93
1160,52
1161,2
1162,393
1163,436
1164,109
1165,61
1166,350
1167,407
1168,137
1169,175
1170,459
1171,224
1172,161
1173,338
1174,329
1175,319
1176,5
1177,246
1178,91
1179,72
1180,107
1181,468
1182,490
1183,110
1184,401
1185,334
1186,39
1187,104
1188,9
1189,435
1190,230
1191,221
1192,470
1193,374
1194,255
1195,408
1196,456
1197,164
1198,320
1199,225
1200,351
1201,325
1202,475
1203,193
1204,232
1205,478
1206,392
1207,96
1208,267
1209,415
1210,360
1211,169
1212,132
1213,37
1214,83
1215,196
1216,411
1217,122
1218,213
1219,176
1220,488
1221,479
1222,338
1223,214
1224,327
1225,432
1226,259
1227,325
1228,400
1229,41
1230,330
1231,73
1232,380
1233,287
1234,268
1235,166
1236,316
1237,347
1238,479
1239,36
1240,419
1241,294
1242,174
1243,351
1244,92
1245,207
1246,228
1247,458
1248,279
1249,51
1250,341
1251,431
1252,280
1253,114
1254,280
1255,442
1256,30
1257,274
1258,469
1259,104
1260,435
1261,402
1262,185
1263,396
1264,43
1265,218
1266,167
1267,284
1268,237
1269,140
1270,480
1271,393
1272,275
1273,256
1274,437
1275,483
1276,381
1277,325
1278,10
1279,233
1280,452
1281,416
1282,90
1283,73
1284,385
1285,381
1286,140
1287,250
1288,341
1289,332
1290,34
1291,473
1292,390
1293,36
1294,399
1295,3
1296,258
1297,112
1298,397
1299,125
1300,374
1301,274
1302,310
1303,274
1304,128
1305,141
1306,26
1307,431
1308,132
1309,497
1310,462
1311,118
1312,251
1313,91
1314,302
1315,308
1316,385
1317,486
1318,321
1319,479
1320,365
1321,370
1322,176
1323,15
1324,457
1325,29
1326,222
1327,130
1328,354
1329,21
1330,162
1331,152
1332,316
1333,446
1334,106
1335,193
1336,59
1337,158
1338,282
1339,149
1340,471
1341,110
1342,63
1343,358
1344,183
1345,404
1346,268
1347,306
1348,115
1349,245
1350,219
1351,125
1352,117
1353,396
1354,292
1355,351
1356,255
1357,348
1358,310
1359,486
1360,439
1361,427
1362,50
1363,50
1364,84
1365,67
1366,406
1367,68
1368,246
1369,169
1370,184
1371,310
1372,339
1373,209
1374,447
1375,348
1376,299
1377,488
1378,318
1379,250
1380,255
1381,137
1382,313
1383,230
1384,265
1385,433
1386,17
1387,34
1388,49
1389,173
1390,301
1391,281
1392,288
1393,130
1394,408
1395,244
1396,92
1397,79
1398,147
1399,441
1400,402
1401,213
1402,220
1403,408
1404,100
1405,21
1406,276
1407,396
1408,15
1409,449
1410,153
1411,153
1412,388
1413,293
1414,137
1415,254
1416,407
1417,411
1418,480
1419,321
1420,348
1421,398
1422,133
1423,480
1424,471
1425,193
1426,438
1427,327
1428,395
1429,165
1430,479
1431,250
1432,235
1433,294
1434,205
1435,373
1436,303
1437,76
1438,48
1439,348
1440,339
1441,42
1442,484
1443,121
1444,198
1445,465
1446,42
1447,392
1448,311
1449,337
1450,262
1451,132
1452,445
1453,239
1454,340
1455,391
1456,344
1457,30
1458,122
1459,311
1460,478
1461,7
1462,38
1463,442
1464,9
1465,234
1466,57
1467,449
1468,314
1469,412
1470,298
1471,426
1472,334
1473,133
1474,479
1475,193
1476,283
1477,434
1478,247
1479,304
1480,474
1481,499
1482,325
1483,399
1484,283
1485,343
1486,442
1487,362
1488,150
1489,302
1490,344
1491,53
1492,30
1493,345
1494,176
1495,223
1496,144
1497,441
1498,197
1499,463
1500,113
1501,295
1502,330
1503,64
1504,81
1505,384
1506,30
1507,418
1508,48
1509,315
1510,149
1511,30
1512,475
1513,481
1514,491
1515,357
1516,7
1517,381
1518,292
1519,498
1520,411
1521,135
1522,461
1523,258
1524,175
1525,116
1526,308
1527,205
1528,82
1529,133
1530,401
1531,76
1532,353
1533,335
1534,396
1535,130
1536,459
1537,61
1538,199
1539,88
1540,38
1541,79
1542,70
1543,349
1544,205
1545,277
1546,159
1547,46
1548,3
1549,459
1550,95
1551,340
1552,431
1553,146
1554,283
1555,299
1556,480
1557,236
1558,163
1559,169
1560,244
1561,334
1562,326
1563,185
1564,355
1565,162
1566,153
1567,224
1568,415
1569,192
1570,281
1571,91
1572,318
1573,204
1574,423
1575,411
1576,135
1577,0
1578,307
1579,281
1580,34
1581,481
1582,161
1583,232
1584,202
1585,154
1586,396
1587,444
1588,389
1589,30
1590,105
1591,175
1592,9
1593,138
1594,405
1595,126
1596,493
1597,442
1598,41
1599,112
1600,228
1601,246
1602,183
1603,493
1604,251
1605,374
1606,173
1607,335
1608,304
1609,287
1610,378
1611,42
1612,363
1613,275
1614,100
1615,426
1616,355
1617,454
1618,78
1619,177
1620,335
1621,233
1622,38
1623,39
1624,252
1625,257
1626,223
1627,415
1628,209
1629,327
1630,48
1631,167
1632,228
1633,214
1634,342
1635,38
1636,101
1637,215
1638,404
1639,475
1640,17
1641,312
1642,490
1643,417
1644,359
1645,328
1646,199
1647,5
1648,276
1649,253
1650,84
1651,307
1652,384
1653,325
1654,403
1655,335
1656,59
1657,112
1658,242
1659,397
1660,262
1661,362
1662,256
1663,366
1664,90
1665,232
1666,2
1667,115
1668,173
1669,152
1670,435
1671,225
1672,288
1673,181
1674,340
1675,57
1676,363
1677,62
1678,220
1679,351
1680,492
1681,46
1682,390
1683,416
1684,52
1685,162
1686,62
1687,221
1688,443
1689,155
1690,55
1691,424
1692,315
1693,80
1694,330
1695,127
1696,95
1697,441
1698,58
1699,331
1700,255
1701,73
1702,443
1703,321
1704,309
1705,164
1706,106
1707,395
1708,496
1709,75
1710,158
1711,158
1712,97
1713,316
1714,415
1715,404
1716,345
1717,93
1718,432
1719,190
1720,440
1721,293
1722,463
1723,165
1724,454
1725,242
1726,470
1727,250
1728,141
1729,335
1730,150
1731,156
1732,480
1733,481
1734,395
1735,12
1736,338
1737,370
1738,396
1739,249
1740,249
1741,432
1742,413
1743,276
1744,49
1745,75
1746,425
1747,66
1748,170
1749,205
1750,259
1751,113
1752,277
1753,169
1754,359
1755,331
1756,442
1757,327
1758,127
1759,289
1760,409
1761,275
1762,398
1763,318
1764,61
1765,57
1766,167
1767,345
1768,123
1769,316
1770,356
1771,222
1772,425
1773,407
1774,196
1775,405
1776,114
1777,476
1778,187
1779,276
1780,290
1781,81
1782,423
1783,74
1784,76
1785,150
1786,153
1787,22
1788,125
1789,491
1790,80
1791,86
1792,79
1793,363
1794,148
1795,51
1796,326
1797,465
1798,177
1799,188
1800,211
1801,98
1802,34
1803,459
1804,35
1805,148
1806,405
1807,265
1808,421
1809,209
1810,338
1811,6
1812,219
1813,426
1814,340
1815,247
1816,246
1817,267
1818,200
1819,185
1820,298
1821,106
1822,496
1823,242
1824,110
1825,449
1826,251
1827,399
1828,40
1829,399
1830,444
1831,492
1832,114
1833,54
1834,414
1835,311
1836,418
1837,207
1838,51
1839,231
1840,94
1841,341
1842,404
1843,446
1844,390
1845,25
1846,496
1847,268
1848,454
1849,0
1850,310
1851,14
1852,154
1853,431
1854,103
1855,100
1856,213
1857,336
1858,293
1859,42
1860,63
1861,139
1862,336
1863,477
1864,200
1865,284
1866,401
1867,383
1868,468
1869,116
1870,495
1871,62
1872,16
1873,185
1874,427
1875,163
1876,398
1877,390
1878,487
1879,205
1880,477
1881,479
1882,116
1883,91
1884,127
1885,484
1886,108
1887,229
1888,412
1889,438
1890,353
1891,279
1892,103
1893,54
1894,461
1895,167
1896,420
1897,139
1898,42
1899,38
1900,335
1901,116
1902,382
1903,491
1904,161
1905,387
1906,263
1907,174
1908,461
1909,466
1910,367
1911,239
1912,360
1913,3
1914,70
1915,182
1916,352
1917,152
1918,469
1919,354
1920,114
1921,239
1922,268
1923,439
1924,355
1925,8
1926,238
1927,67
1928,375
1929,310
1930,48
1931,471
1932,223
1933,130
1934,182
1935,170
1936,305
1937,356
1938,331
1939,175
1940,372
1941,478
1942,92
1943,161
1944,468
1945,128
1946,450
1947,52
1948,385
1949,358
1950,299
1951,165
1952,212
1953,65
1954,362
1955,482
1956,116
1957,110
1958,189
1959,420
1960,80
1961,88
1962,353
1963,388
1964,305
1965,150
1966,300
1967,469
1968,381
1969,210
1970,426
1971,87
1972,191
1973,182
1974,265
1975,417
1976,386
1977,28
1978,70
1979,82
1980,416
1981,423
1982,203
1983,22
1984,43
1985,147
1986,459
1987,22
1988,277
1989,404
1990,56
1991,318
1992,46
1993,361
1994,254
1995,3
1996,47
1997,125
1998,156
1999,276
2000,456
2001,230
2002,202
2003,33
2004,441
2005,93
2006,379
2007,413
2008,136
2009,113
2010,395
2011,354
2012,84
2013,195
2014,59
2015,327
2016,272
2017,103
2018,219
2019,149
2020,106
2021,157
2022,284
2023,79
2024,497
2025,145
2026,313
2027,471
2028,385
2029,144
2030,7
2031,341
2032,321
2033,51
2034,186
2035,373
2036,402
2037,119
2038,294
2039,193
2040,4
2041,178
2042,285
2043,209
2044,307
2045,252
2046,387
2047,179
2048,405
2049,416
2050,342
2051,61
2052,182
2053,44
2054,124
2055,421
2056,209
2057,178
2058,448
2059,2
2060,67
2061,479
2062,127
2063,203
2064,172
2065,175
2066,407
2067,334
2068,177
2069,427
2070,393
2071,117
2072,437
2073,45
2074,109
2075,61
2076,83
2077,326
2078,64
2079,408
2080,30
2081,34
2082,339
2083,496
2084,305
2085,8
2086,422
2087,52
2088,376
2089,428
2090,473
2091,447
2092,423
2093,479
2094,376
2095,427
2096,195
2097,122
2098,105
2099,184
2100,268
2101,2
2102,420
2103,260
2104,236
2105,406
2106,166
2107,150
2108,432
2109,451
2110,474
2111,233
2112,159
2113,275
2114,56
2115,40
2116,97
2117,355
2118,176
2119,244
2120,192
2121,441
2122,419
2123,437
2124,86
2125,347
2126,175
2127,174
2128,471
2129,388
2130,196
2131,412
2132,36
2133,499
2134,3
2135,373
2136,31
2137,279
2138,369
2139,141
2140,156
2141,425
2142,395
2143,262
2144,57
2145,412
2146,299
2147,442
2148,397
2149,407
2150,224
2151,123
2152,237
2153,494
2154,140
2155,85
2156,109
2157,190
2158,10
2159,75
2160,490
2161,163
2162,4
2163,405
2164,173
2165,386
2166,19
2167,141
2168,22
2169,48
2170,374
2171,206
2172,296
2173,109
2174,407
2175,426
2176,198
2177,172
2178,245
2179,231
2180,323
2181,346
2182,358
2183,347
2184,32
2185,61
2186,39
2187,111
2188,334
2189,70
2190,19
2191,104
2192,145
2193,316
2194,492
2195,426
2196,147
2197,480
2198,225
2199,273
2200,72
2201,2
2202,142
2203,410
2204,472
2205,49
2206,377
2207,320
2208,303
2209,314
2210,415
2211,45
2212,325
2213,169
2214,380
2215,197
2216,22
2217,37
2218,334
2219,9
2220,377
2221,98
2222,490
2223,314
2224,127
2225,209
2226,155
2227,27
2228,366
2229,4
2230,40
2231,480
2232,113
2233,416
2234,201
2235,169
2236,474
2237,213
2238,53
2239,472
2240,226
2241,96
2242,307
2243,366
2244,142
2245,232
2246,373
2247,267
2248,262
2249,421
2250,223
2251,308
2252,472
2253,130
2254,242
2255,93
2256,270
2257,427
2258,89
2259,128
2260,245
2261,191
2262,354
2263,79
2264,475
2265,186
2266,229
2267,160
2268,461
2269,433
2270,323
2271,161
2272,186
2273,405
2274,475
2275,122
2276,163
2277,417
2278,451
2279,346
2280,385
2281,395
2282,102
2283,16
2284,376
2285,49
2286,207
2287,180
2288,399
2289,489
2290,342
2291,109
2292,493
2293,349
2294,181
2295,431
2296,409
2297,191
2298,468
2299,373
2300,135
2301,32
2302,43
2303,21
2304,338
2305,45
2306,42
2307,162
2308,210
2309,461
2310,1
2311,96
2312,117
2313,320
2314,87
2315,161
2316,28
2317,95
2318,82
2319,469
2320,231
2321,139
2322,424
2323,265
2324,186
2325,81
2326,458
2327,329
2328,379
2329,21
2330,128
2331,237
2332,224
2333,194
2334,56
2335,21
2336,215
2337,218
2338,261
2339,122
2340,210
2341,133
2342,28
2343,399
2344,264
2345,428
2346,288
2347,430
2348,450
2349,36
2350,148
2351,419
2352,35
2353,340
2354,249
2355,73
2356,405
2357,486
2358,150
2359,42
2360,286
2361,135
2362,145
2363,498
2364,279
2365,136
2366,361
2367,254
2368,322
2369,38
2370,1
2371,100
2372,373
2373,244
2374,236
2375,454
2376,300
2377,423
2378,407
2379,330
2380,7
2381,294
2382,406
2383,406
2384,50
2385,207
2386,98
2387,43
2388,333
2389,85
2390,487
2391,449
2392,95
2393,478
2394,6
2395,205
2396,183
2397,423
2398,308
2399,212
2400,402
2401,334
2402,268
2403,303
2404,25
2405,92
2406,26
2407,380
2408,6
2409,385
2410,355
2411,413
2412,437
2413,487
2414,297
2415,300
2416,22
2417,293
2418,489
2419,63
2420,250
2421,214
2422,165
2423,252
2424,216
2425,12
2426,427
2427,367
2428,44
2429,351
2430,159
2431,306
2432,444
2433,476
2434,204
2435,362
2436,415
2437,26
2438,111
2439,325
2440,393
2441,55
2442,288
2443,188
2444,232
2445,67
2446,338
2447,5
2448,125
2449,451
2450,383
2451,257
2452,207
2453,491
2454,159
2455,171
2456,493
2457,179
2458,73
2459,130
2460,202
2461,312
2462,396
2463,414
2464,164
2465,61
2466,344
2467,257
2468,241
2469,495
2470,216
2471,217
2472,112
2473,371
2474,427
2475,311
2476,355
2477,244
2478,385
2479,258
2480,289
2481,291
2482,203
2483,374
2484,224
2485,85
2486,38
2487,366
2488,251
2489,203
2490,2
2491,301
2492,153
2493,223
2494,249
2495,471
2496,409
2497,305
2498,103
2499,403
2500,6
2501,107
2502,429
2503,56
2504,377
2505,90
2506,172
2507,230
2508,260
2509,465
2510,272
2511,334
2512,447
2513,344
2514,193
2515,381
2516,147
2517,487
2518,372
2519,333
2520,352
2521,187
2522,435
2523,423
2524,495
2525,488
2526,337
2527,416
2528,470
2529,26
2530,155
2531,142
2532,170
2533,413
2534,236
2535,465
2536,147
2537,340
2538,366
2539,156
2540,469
2541,193
2542,144
2543,476
2544,133
2545,349
2546,300
2547,57
2548,464
2549,380
2550,329
2551,447
2552,305
2553,242
2554,170
2555,359
2556,110
2557,238
2558,114
2559,213
2560,169
2561,339
2562,162
2563,100
2564,37
2565,198
2566,294
2567,306
2568,32
2569,83
2570,308
2571,20
2572,133
2573,9
2574,92
2575,103
2576,32
2577,190
2578,172
2579,322
2580,106
2581,46
2582,408
2583,317
2584,316
2585,213
2586,449
2587,369
2588,12
2589,12
2590,6
2591,385
2592,226
2593,84
2594,105
2595,474
2596,444
2597,65
2598,50
2599,414
2600,222
2601,312
2602,57
2603,438
2604,454
2605,452
2606,466
2607,448
2608,310
2609,41
2610,373
2611,155
2612,5
2613,37
2614,232
2615,226
2616,307
2617,310
2618,1
2619,420
2620,358
2621,90
2622,426
2623,272
2624,88
2625,203
2626,324
2627,169
2628,129
2629,55
2630,20
2631,376
2632,9
2633,380
2634,315
2635,470
2636,93
2637,468
2638,201
2639,18
2640,153
2641,183
2642,261
2643,328
2644,474
2645,332
2646,95
2647,255
2648,177
2649,152
2650,16
2651,475
2652,485
2653,78
2654,51
2655,381
2656,97
2657,190
2658,374
2659,312
2660,447
2661,268
2662,283
2663,212
2664,273
2665,352
2666,351
2667,443
2668,365
2669,273
2670,227
2671,498
2672,349
2673,486
2674,180
2675,171
2676,91
2677,125
2678,483
2679,414
2680,71
2681,309
2682,107
2683,57
2684,449
2685,449
2686,395
2687,336
2688,31
2689,469
2690,234
2691,479
2692,404
2693,86
2694,72
2695,93
2696,98
2697,240
2698,195
2699,141
2700,212
2701,236
2702,128
2703,422
2704,342
2705,355
2706,144
2707,344
2708,88
2709,116
2710,173
2711,33
2712,126
2713,25
2714,133
2715,243
2716,131
2717,429
2718,482
2719,52
2720,421
2721,234
2722,440
2723,473
2724,5
2725,336
2726,347
2727,481
2728,495
2729,224
2730,174
2731,439
2732,378
2733,83
2734,280
2735,269
2736,488
2737,112
2738,487
2739,349
2740,311
2741,266
2742,27
2743,390
2744,482
2745,357
2746,335
2747,66
2748,432
2749,324
2750,263
2751,376
2752,284
2753,404
2754,91
2755,162
2756,147
2757,239
2758,205
2759,130
2760,233
2761,16
2762,456
2763,469
2764,488
2765,24
2766,338
2767,292
2768,145
2769,388
2770,37
2771,290
2772,316
2773,229
2774,469
2775,498
2776,405
2777,157
2778,117
2779,461
2780,158
2781,50
2782,217
2783,485
2784,39
2785,144
2786,33
2787,84
2788,231
2789,316
2790,216
2791,148
2792,45
2793,19
2794,31
2795,85
2796,169
2797,370
2798,78
2799,154
2800,125
2801,162
2802,358
2803,43
2804,123
2805,195
2806,459
2807,154
2808,415
2809,66
2810,157
2811,493
2812,419
2813,493
2814,404
2815,137
2816,214
2817,186
2818,59
2819,228
2820,161
2821,180
2822,100
2823,196
2824,146
2825,125
2826,38
2827,437
2828,91
2829,360
2830,44
2831,294
2832,83
2833,61
2834,217
2835,380
2836,366
2837,310
2838,331
2839,270
2840,351
2841,298
2842,75
2843,20
2844,279
2845,333
2846,375
2847,261
2848,210
2849,147
2850,199
2851,371
2852,30
2853,124
2854,19
2855,245
2856,165
2857,303
2858,437
2859,336
2860,56
2861,423
2862,383
2863,204
2864,387
2865,292
2866,387
2867,189
2868,189
2869,236
2870,351
2871,15
2872,274
2873,497
2874,484
2875,414
2876,447
2877,114
2878,110
2879,375
2880,144
2881,106
2882,470
2883,420
2884,61
2885,17
2886,270
2887,50
2888,492
2889,156
2890,46
2891,201
2892,73
2893,195
2894,102
2895,156
2896,9
2897,398
2898,63
2899,395
2900,239
2901,25
2902,76
2903,75
2904,32
2905,332
2906,270
2907,347
2908,331
2909,349
2910,248
2911,194
2912,28
2913,274
2914,143
2915,124
2916,174
2917,49
2918,439
2919,393
2920,452
2921,436
2922,169
2923,205
2924,368
2925,51
2926,268
2927,313
2928,226
2929,326
2930,378
2931,362
2932,489
2933,225
2934,270
2935,265
2936,420
2937,276
2938,376
2939,21
2940,266
2941,388
2942,407
2943,340
2944,3
2945,227
2946,283
2947,472
2948,353
2949,334
2950,308
2951,192
2952,312
2953,350
2954,140
2955,96
2956,363
2957,151
2958,316
2959,339
2960,248
2961,67
2962,330
2963,419
2964,371
2965,63
2966,371
2967,20
2968,247
2969,483
2970,396
2971,367
2972,168
2973,92
2974,111
2975,20
2976,291
2977,394
2978,310
2979,284
2980,435
2981,311
2982,183
2983,174
2984,447
2985,244
2986,466
2987,157
2988,219
2989,437
2990,5
2991,47
2992,193
2993,50
2994,171
2995,386
2996,161
2997,399
2998,467
2999,40
3000,327
3001,423
3002,213
3003,288
3004,192
3005,141
3006,492
3007,148
3008,490
3009,486
3010,435
3011,357
3012,238
3013,432
3014,233
3015,426
3016,289
3017,466
3018,441
3019,24
3020,6
3021,222
3022,396
3023,83
3024,267
3025,130
3026,119
3027,116
3028,63
3029,327
3030,445
3031,323
3032,248
3033,287
3034,221
3035,62
3036,364
3037,158
3038,76
3039,114
3040,99
3041,289
3042,75
3043,181
3044,116
3045,481
3046,76
3047,251
3048,431
3049,76
3050,201
3051,57
3052,26
3053,187
3054,153
3055,346
3056,355
3057,432
3058,260
3059,60
3060,78
3061,13
3062,11
3063,269
3064,432
3065,109
3066,347
3067,374
3068,54
3069,237
3070,440
3071,56
3072,227
3073,234
3074,80
3075,88
3076,486
3077,302
3078,397
3079,487
3080,355
3081,159
3082,125
3083,161
3084,337
3085,253
3086,388
3087,218
3088,348
3089,107
3090,243
3091,490
3092,275
3093,325
3094,15
3095,292
3096,245
3097,216
3098,193
3099,2
3100,92
3101,465
3102,53
3103,333
3104,95
3105,193
3106,407
3107,419
3108,494
3109,20
3110,182
3111,324
3112,168
3113,83
3114,385
3115,62
3116,260
3117,214
3118,431
3119,395
3120,104
3121,12
3122,436
3123,96
3124,297
3125,62
3126,92
3127,148
3128,236
3129,141
3130,271
3131,183
3132,485
3133,2
3134,480
3135,377
3136,71
3137,194
3138,195
3139,105
3140,157
3141,250
3142,101
3143,263
3144,234
3145,21
3146,111
3147,253
3148,431
3149,325
3150,272
3151,365
3152,322
3153,319
3154,377
3155,291
3156,326
3157,378
3158,106
3159,173
3160,171
3161,95
3162,258
3163,314
3164,88
3165,326
3166,360
3167,361
3168,219
3169,373
3170,453
3171,88
3172,461
3173,252
3174,213
3175,489
3176,197
3177,388
3178,79
3179,84
3180,356
3181,82
3182,21
3183,96
3184,210
3185,434
3186,58
3187,6
3188,205
3189,464
3190,107
3191,443
3192,312
3193,24
3194,447
3195,189
3196,168
3197,451
3198,198
3199,477
3200,423
3201,62
3202,290
3203,465
3204,172
3205,232
3206,156
3207,134
3208,403
3209,120
3210,485
3211,291
3212,51
3213,200
3214,465
3215,449
3216,397
3217,329
3218,265
3219,463
3220,6
3221,43
3222,477
3223,268
3224,259
3225,110
3226,97
3227,36
3228,82
3229,156
3230,211
3231,313
3232,153
3233,241
3234,281
3235,343
3236,199
3237,412
3238,272
3239,90
3240,117
3241,479
3242,88
3243,152
3244,197
3245,357
3246,275
3247,271
3248,308
3249,12
3250,39
3251,203
3252,347
3253,208
3254,371
3255,371
3256,261
3257,146
3258,149
3259,285
3260,418
3261,331
3262,94
3263,483
3264,261
3265,104
3266,299
3267,209
3268,50
3269,483
3270,428
3271,257
3272,86
3273,22
3274,6
3275,209
3276,466
3277,426
3278,419
3279,196
3280,477
3281,320
3282,183
3283,245
3284,420
3285,221
3286,138
3287,231
3288,170
3289,64
3290,179
3291,434
3292,265
3293,15
3294,119
3295,36
3296,95
3297,347
3298,453
3299,166
3300,156
3301,365
3302,81
3303,380
3304,416
3305,158
3306,352
3307,129
3308,330
3309,432
3310,56
3311,40
3312,412
3313,17
3314,32
3315,96
3316,268
3317,266
3318,37
3319,287
3320,22
3321,171
3322,276
3323,493
3324,428
3325,175
3326,163
3327,160
3328,484
3329,239
3330,325
3331,161
3332,472
3333,224
3334,69
3335,318
3336,69
3337,485
3338,420
3339,72
3340,107
3341,109
3342,409
3343,112
3344,188
3345,95
3346,128
3347,67
3348,459
3349,149
3350,289
3351,216
3352,468
3353,225
3354,115
3355,145
3356,465
3357,121
3358,422
3359,210
3360,83
3361,13
3362,323
3363,212
3364,65
3365,488
3366,453
3367,306
3368,305
3369,497
3370,228
3371,173
3372,254
3373,417
3374,168
3375,386
3376,436
3377,425
3378,270
3379,400
3380,280
3381,477
3382,67
3383,323
3384,195
3385,411
3386,217
3387,228
3388,14
3389,175
3390,270
3391,323
3392,394
3393,60
3394,13
3395,364
3396,125
3397,469
3398,217
3399,113
3400,41
3401,401
3402,456
3403,63
3404,19
3405,391
3406,174
3407,62
3408,127
3409,483
3410,285
3411,300
3412,84
3413,147
3414,392
3415,72
3416,44
3417,8
3418,38
3419,428
3420,178
3421,331
3422,386
3423,65
3424,202
3425,498
3426,277
3427,413
3428,251
3429,21
3430,149
3431,1
3432,485
3433,431
3434,495
3435,250
3436,319
3437,214
3438,470
3439,435
3440,15
3441,131
3442,418
3443,470
3444,378
3445,439
3446,189
3447,302
3448,172
3449,102
3450,77
3451,25
3452,375
3453,312
3454,150
3455,44
3456,346
3457,185
3458,471
3459,16
3460,12
3461,194
3462,387
3463,268
3464,292
3465,167
3466,414
3467,221
3468,261
3469,274
3470,453
3471,191
3472,438
3473,366
3474,452
3475,461
3476,468
3477,16
3478,48
3479,354
3480,285
3481,391
3482,324
3483,331
3484,117
3485,307
3486,449
3487,373
3488,314
3489,91
3490,211
3491,167
3492,29
3493,252
3494,485
3495,276
3496,53
3497,395
3498,484
3499,475
3500,243
3501,91
3502,88
3503,264
3504,75
3505,307
3506,64
3507,264
3508,261
3509,94
3510,40
3511,427
3512,413
3513,116
3514,428
3515,27
3516,118
3517,252
3518,58
3519,217
3520,153
3521,159
3522,323
3523,457
3524,260
3525,381
3526,473
3527,203
3528,25
3529,326
3530,280
3531,137
3532,459
3533,80
3534,71
3535,75
3536,197
3537,378
3538,381
3539,246
3540,113
3541,323
3542,197
3543,472
3544,358
3545,261
3546,78
3547,134
3548,209
3549,68
3550,192
3551,425
3552,209
3553,77
3554,232
3555,155
3556,39
3557,135
3558,381
3559,396
3560,490
3561,163
3562,283
3563,295
3564,158
3565,358
3566,210
3567,100
3568,403
3569,190
3570,84
3571,270
3572,212
3573,178
3574,122
3575,150
3576,422
3577,417
3578,194
3579,240
3580,277
3581,148
3582,183
3583,424
3584,171
3585,45
3586,250
3587,460
3588,431
3589,232
3590,354
3591,182
3592,122
3593,93
3594,105
3595,81
3596,109
3597,63
3598,209
3599,297
3600,334
3601,148
3602,494
3603,460
3604,360
3605,485
3606,299
3607,322
3608,126
3609,332
3610,462
3611,283
3612,429
3613,68
3614,228
3615,26
3616,0
3617,202
3618,436
3619,227
3620,59
3621,257
3622,195
3623,229
3624,154
3625,390
3626,232
3627,97
3628,196
3629,478
3630,314
3631,121
3632,266
3633,188
3634,274
3635,158
3636,380
3637,323
3638,49
3639,169
3640,115
3641,106
3642,124
3643,414
3644,433
3645,114
3646,484
3647,323
3648,365
3649,185
3650,15
3651,463
3652,405
3653,451
3654,226
3655,258
3656,439
3657,265
3658,335
3659,485
3660,7
3661,417
3662,421
3663,358
3664,313
3665,494
3666,211
3667,177
3668,391
3669,315
3670,401
3671,148
3672,15
3673,265
3674,326
3675,252
3676,5
3677,307
3678,66
3679,427
3680,418
3681,380
3682,332
3683,487
3684,395
3685,190
3686,214
3687,121
3688,92
3689,334
3690,248
3691,418
3692,427
3693,150
3694,6
3695,83
3696,394
3697,60
3698,335
3699,215
3700,262
3701,118
3702,36
3703,271
3704,316
3705,375
3706,438
3707,181
3708,28
3709,475
3710,494
3711,211
3712,350
3713,478
3714,100
3715,455
3716,137
3717,358
3718,103
3719,250
3720,119
3721,289
3722,87
3723,396
3724,278
3725,106
3726,184
3727,326
3728,362
3729,149
3730,412
3731,415
3732,430
3733,214
3734,381
3735,121
3736,24
3737,465
3738,76
3739,434
3740,432
3741,412
3742,487
3743,341
3744,473
3745,13
3746,37
3747,303
3748,330
3749,252
3750,416
3751,461
3752,487
3753,220
3754,35
3755,453
3756,243
3757,318
3758,337
3759,19
3760,115
3761,59
3762,441
3763,77
3764,30
3765,261
3766,252
3767,141
3768,440
3769,453
3770,341
3771,122
3772,396
3773,214
3774,389
3775,269
3776,248
3777,83
3778,424
3779,12
3780,339
3781,35
3782,224
3783,472
3784,350
3785,37
3786,393
3787,326
3788,423
3789,455
3790,115
3791,385
3792,196
3793,217
3794,288
3795,4
3796,374
3797,25
3798,410
3799,417
3800,56
3801,58
3802,77
3803,199
3804,166
3805,410
3806,247
3807,265
3808,150
3809,410
3810,254
3811,464
3812,97
3813,127
3814,331
3815,232
3816,74
3817,422
3818,237
3819,401
3820,361
3821,410
3822,239
3823,380
3824,123
3825,65
3826,45
3827,61
3828,348
3829,117
3830,43
3831,68
3832,120
3833,121
3834,21
3835,219
3836,60
3837,127
3838,471
3839,423
3840,484
3841,203
3842,372
3843,446
3844,168
3845,99
3846,194
3847,172
3848,111
3849,315
3850,319
3851,175
3852,89
3853,483
3854,314
3855,82
3856,271
3857,433
3858,21
3859,464
3860,389
3861,326
3862,153
3863,378
3864,182
3865,398
3866,156
3867,111
3868,497
3869,261
3870,436
3871,357
3872,93
3873,291
3874,317
3875,362
3876,101
3877,194
3878,117
3879,482
3880,176
3881,301
3882,41
3883,435
3884,442
3885,281
3886,336
3887,29
3888,446
3889,262
3890,472
3891,257
3892,260
3893,27
3894,138
3895,35
3896,62
3897,25
3898,348
3899,475
3900,1
3901,311
3902,37
3903,290
3904,154
3905,160
3906,331
3907,495
3908,45
3909,96
3910,192
3911,453
3912,2
3913,107
3914,237
3915,474
3916,73
3917,239
3918,216
3919,166
3920,11
3921,69
3922,186
3923,12
3924,154
3925,430
3926,66
3927,128
3928,470
3929,108
3930,104
3931,426
3932,317
3933,408
3934,15
3935,339
3936,188
3937,39
3938,430
3939,386
3940,493
3941,181
3942,439
3943,499
3944,222
3945,53
3946,310
3947,284
3948,52
3949,423
3950,158
3951,173
3952,27
3953,133
3954,12
3955,291
3956,255
3957,493
3958,492
3959,340
3960,187
3961,58
3962,50
3963,398
3964,20
3965,173
3966,319
3967,51
3968,334
3969,237
3970,205
3971,83
3972,166
3973,499
3974,90
3975,319
3976,66
3977,451
3978,373
3979,386
3980,323
3981,335
3982,357
3983,85
3984,287
3985,418
3986,344
3987,415
3988,117
3989,389
3990,314
3991,252
3992,20
3993,270
3994,67
3995,277
3996,297
3997,470
3998,464
3999,277
4000,350
4001,127
4002,294
4003,310
4004,165
4005,87
4006,40
4007,204
4008,132
4009,70
4010,424
4011,114
4012,135
4013,112
4014,86
4015,198
4016,177
4017,273
4018,19
4019,405
4020,101
4021,456
4022,268
4023,402
4024,201
4025,327
4026,70
4027,352
4028,390
4029,57
4030,431
4031,212
4032,239
4033,352
4034,377
4035,374
4036,80
4037,379
4038,139
4039,115
4040,131
4041,409
4042,218
4043,474
4044,420
4045,184
4046,480
4047,386
4048,18
4049,68
4050,322
4051,84
4052,83
4053,259
4054,476
4055,364
4056,38
4057,76
4058,133
4059,452
4060,115
4061,301
4062,125
4063,217
4064,465
4065,423
4066,99
4067,414
4068,427
4069,354
4070,53
4071,164
4072,134
4073,142
4074,141
4075,130
4076,412
4077,386
4078,454
4079,414
4080,24
4081,242
4082,169
4083,443
4084,275
4085,439
4086,67
4087,275
4088,108
4089,285
4090,270
4091,344
4092,393
4093,390
4094,337
4095,97
4096,273
4097,207
4098,17
4099,32
4100,249
4101,417
4102,297
4103,98
4104,283
4105,493
4106,275
4107,312
4108,252
4109,58
4110,451
4111,295
4112,89
4113,214
4114,147
4115,187
4116,205
4117,367
4118,223
4119,58
4120,162
4121,179
4122,497
4123,138
4124,217
4125,108
4126,335
4127,318
4128,180
4129,11
4130,33
4131,249
4132,391
4133,169
4134,332
4135,208
4136,36
4137,194
4138,478
4139,237
4140,263
4141,11
4142,449
4143,215
4144,132
4145,186
4146,141
4147,21
4148,43
4149,211
4150,364
4151,337
4152,497
4153,391
4154,13
4155,174
4156,20
4157,217
4158,169
4159,243
4160,198
4161,452
4162,273
4163,326
4164,50
4165,287
4166,286
4167,478
4168,293
4169,62
4170,17
4171,355
4172,159
4173,494
4174,358
4175,29
4176,97
4177,31
4178,140
4179,480
4180,211
4181,124
4182,64
4183,93
4184,294
4185,374
4186,423
4187,12
4188,243
4189,185
4190,124
4191,355
4192,407
4193,53
4194,281
4195,101
4196,474
4197,205
4198,387
4199,87
4200,493
4201,158
4202,11
4203,482
4204,155
4205,44
4206,46
4207,244
4208,33
4209,341
4210,164
4211,397
4212,3
4213,483
4214,489
4215,15
4216,138
4217,217
4218,150
4219,1
4220,451
4221,180
4222,67
4223,18
4224,415
4225,20
4226,287
4227,165
4228,180
4229,46
4230,381
4231,263
4232,322
4233,65
4234,64
4235,326
4236,23
4237,14
4238,441
4239,369
4240,475
4241,321
4242,125
4243,30
4244,108
4245,336
4246,422
4247,226
4248,250
4249,293
4250,5
4251,168
4252,224
4253,246
4254,347
4255,148
4256,317
4257,118
4258,315
4259,172
4260,272
4261,320
4262,429
4263,244
4264,486
4265,367
4266,435
4267,447
4268,106
4269,443
4270,4
4271,201
4272,424
4273,9
4274,483
4275,464
4276,429
4277,328
4278,125
4279,270
4280,197
4281,403
4282,165
4283,497
4284,473
4285,330
4286,153
4287,281
4288,385
4289,107
4290,196
4291,161
4292,116
4293,447
4294,188
4295,55
4296,59
4297,105
4298,274
4299,270
4300,330
4301,70
4302,65
4303,382
4304,433
4305,466
